"","PassengerId","Survived","Pclass","Sex","Age","SibSp","Parch","Fare","Embarked","Title","TravelsWithPartner","CabinLetter","TicketClass"
"1",1,0,"3","male",22,1,0,7.25,"S","Mr.","0","missing","a"
"2",2,1,"1","female",38,1,0,71.2833,"C","Mrs.","0","C","pc"
"3",3,1,"3","female",26,0,0,7.925,"S","Miss.","0","missing","ston"
"4",4,1,"1","female",35,1,0,53.1,"S","Mrs.","1","C","missing"
"5",5,0,"3","male",35,0,0,8.05,"S","Mr.","0","missing","missing"
"6",6,0,"3","male",29.6991176470588,0,0,8.4583,"Q","Mr.","0","missing","missing"
"7",7,0,"1","male",54,0,0,51.8625,"S","Mr.","0","E","missing"
"8",8,0,"3","male",2,3,1,21.075,"S","Master.","0","missing","missing"
"9",9,1,"3","female",27,0,2,11.1333,"S","Mrs.","0","missing","missing"
"10",10,1,"2","female",14,1,0,30.0708,"C","Mrs.","1","missing","missing"
"11",11,1,"3","female",4,1,1,16.7,"S","Miss.","0","G","pp"
"12",12,1,"1","female",58,0,0,26.55,"S","Miss.","0","C","missing"
"13",13,0,"3","male",20,0,0,8.05,"S","Mr.","0","missing","a"
"14",14,0,"3","male",39,1,5,31.275,"S","Mr.","1","missing","missing"
"15",15,0,"3","female",14,0,0,7.8542,"S","Miss.","0","missing","missing"
"16",16,1,"2","female",55,0,0,16,"S","Mrs.","0","missing","missing"
"17",17,0,"3","male",2,4,1,29.125,"Q","Master.","0","missing","missing"
"18",18,1,"2","male",29.6991176470588,0,0,13,"S","Mr.","0","missing","missing"
"19",19,0,"3","female",31,1,0,18,"S","Mrs.","0","missing","missing"
"20",20,1,"3","female",29.6991176470588,0,0,7.225,"C","Mrs.","0","missing","missing"
"21",21,0,"2","male",35,0,0,26,"S","Mr.","0","missing","missing"
"22",22,1,"2","male",34,0,0,13,"S","Mr.","0","D","missing"
"23",23,1,"3","female",15,0,0,8.0292,"Q","Miss.","0","missing","missing"
"24",24,1,"1","male",28,0,0,35.5,"S","Mr.","0","A","missing"
"25",25,0,"3","female",8,3,1,21.075,"S","Miss.","0","missing","missing"
"26",26,1,"3","female",38,1,5,31.3875,"S","Mrs.","0","missing","missing"
"27",27,0,"3","male",29.6991176470588,0,0,7.225,"C","Mr.","0","missing","missing"
"28",28,0,"1","male",19,3,2,263,"S","Mr.","0","C","missing"
"29",29,1,"3","female",29.6991176470588,0,0,7.8792,"Q","Miss.","0","missing","missing"
"30",30,0,"3","male",29.6991176470588,0,0,7.8958,"S","Mr.","0","missing","missing"
"31",31,0,"1","male",40,0,0,27.7208,"C","Other","0","missing","pc"
"32",32,1,"1","female",29.6991176470588,1,0,146.5208,"C","Mrs.","0","B","pc"
"33",33,1,"3","female",29.6991176470588,0,0,7.75,"Q","Miss.","0","missing","missing"
"34",34,0,"2","male",66,0,0,10.5,"S","Mr.","0","missing","ca"
"35",35,0,"1","male",28,1,0,82.1708,"C","Mr.","1","missing","pc"
"36",36,0,"1","male",42,1,0,52,"S","Mr.","1","missing","missing"
"37",37,1,"3","male",29.6991176470588,0,0,7.2292,"C","Mr.","0","missing","missing"
"38",38,0,"3","male",21,0,0,8.05,"S","Mr.","0","missing","a"
"39",39,0,"3","female",18,2,0,18,"S","Miss.","0","missing","missing"
"40",40,1,"3","female",14,1,0,11.2417,"C","Miss.","0","missing","missing"
"41",41,0,"3","female",40,1,0,9.475,"S","Mrs.","0","missing","missing"
"42",42,0,"2","female",27,1,0,21,"S","Mrs.","1","missing","missing"
"43",43,0,"3","male",29.6991176470588,0,0,7.8958,"C","Mr.","0","missing","missing"
"44",44,1,"2","female",3,1,2,41.5792,"C","Miss.","0","missing","scpa"
"45",45,1,"3","female",19,0,0,7.8792,"Q","Miss.","0","missing","missing"
"46",46,0,"3","male",29.6991176470588,0,0,8.05,"S","Mr.","0","missing","sca"
"47",47,0,"3","male",29.6991176470588,1,0,15.5,"Q","Mr.","0","missing","missing"
"48",48,1,"3","female",29.6991176470588,0,0,7.75,"Q","Miss.","0","missing","missing"
"49",49,0,"3","male",29.6991176470588,2,0,21.6792,"C","Mr.","0","missing","missing"
"50",50,0,"3","female",18,1,0,17.8,"S","Mrs.","1","missing","missing"
"51",51,0,"3","male",7,4,1,39.6875,"S","Master.","0","missing","missing"
"52",52,0,"3","male",21,0,0,7.8,"S","Mr.","0","missing","a"
"53",53,1,"1","female",49,1,0,76.7292,"C","Mrs.","1","D","pc"
"54",54,1,"2","female",29,1,0,26,"S","Mrs.","0","missing","missing"
"55",55,0,"1","male",65,0,1,61.9792,"C","Mr.","0","B","missing"
"56",56,1,"1","male",29.6991176470588,0,0,35.5,"S","Mr.","0","C","missing"
"57",57,1,"2","female",21,0,0,10.5,"S","Miss.","0","missing","ca"
"58",58,0,"3","male",28.5,0,0,7.2292,"C","Mr.","0","missing","missing"
"59",59,1,"2","female",5,1,2,27.75,"S","Miss.","0","missing","ca"
"60",60,0,"3","male",11,5,2,46.9,"S","Master.","0","missing","ca"
"61",61,0,"3","male",22,0,0,7.2292,"C","Mr.","0","missing","missing"
"62",62,1,"1","female",38,0,0,80,"missing","Miss.","0","B","missing"
"63",63,0,"1","male",45,1,0,83.475,"S","Mr.","1","C","missing"
"64",64,0,"3","male",4,3,2,27.9,"S","Master.","0","missing","missing"
"65",65,0,"1","male",29.6991176470588,0,0,27.7208,"C","Mr.","0","missing","pc"
"66",66,1,"3","male",29.6991176470588,1,1,15.2458,"C","Master.","0","missing","missing"
"67",67,1,"2","female",29,0,0,10.5,"S","Mrs.","0","F","ca"
"68",68,0,"3","male",19,0,0,8.1583,"S","Mr.","0","missing","sp"
"69",69,1,"3","female",17,4,2,7.925,"S","Miss.","0","missing","missing"
"70",70,0,"3","male",26,2,0,8.6625,"S","Mr.","0","missing","missing"
"71",71,0,"2","male",32,0,0,10.5,"S","Mr.","0","missing","ca"
"72",72,0,"3","female",16,5,2,46.9,"S","Miss.","0","missing","ca"
"73",73,0,"2","male",21,0,0,73.5,"S","Mr.","0","missing","soc"
"74",74,0,"3","male",26,1,0,14.4542,"C","Mr.","0","missing","missing"
"75",75,1,"3","male",32,0,0,56.4958,"S","Mr.","0","missing","missing"
"76",76,0,"3","male",25,0,0,7.65,"S","Mr.","0","F","missing"
"77",77,0,"3","male",29.6991176470588,0,0,7.8958,"S","Mr.","0","missing","missing"
"78",78,0,"3","male",29.6991176470588,0,0,8.05,"S","Mr.","0","missing","missing"
"79",79,1,"2","male",0.83,0,2,29,"S","Master.","0","missing","missing"
"80",80,1,"3","female",30,0,0,12.475,"S","Miss.","0","missing","missing"
"81",81,0,"3","male",22,0,0,9,"S","Mr.","0","missing","missing"
"82",82,1,"3","male",29,0,0,9.5,"S","Mr.","0","missing","missing"
"83",83,1,"3","female",29.6991176470588,0,0,7.7875,"Q","Miss.","0","missing","missing"
"84",84,0,"1","male",28,0,0,47.1,"S","Mr.","0","missing","missing"
"85",85,1,"2","female",17,0,0,10.5,"S","Miss.","0","missing","soc"
"86",86,1,"3","female",33,3,0,15.85,"S","Mrs.","1","missing","missing"
"87",87,0,"3","male",16,1,3,34.375,"S","Mr.","0","missing","wc"
"88",88,0,"3","male",29.6991176470588,0,0,8.05,"S","Mr.","0","missing","soto"
"89",89,1,"1","female",23,3,2,263,"S","Miss.","0","C","missing"
"90",90,0,"3","male",24,0,0,8.05,"S","Mr.","0","missing","missing"
"91",91,0,"3","male",29,0,0,8.05,"S","Mr.","0","missing","missing"
"92",92,0,"3","male",20,0,0,7.8542,"S","Mr.","0","missing","missing"
"93",93,0,"1","male",46,1,0,61.175,"S","Mr.","0","E","wep"
"94",94,0,"3","male",26,1,2,20.575,"S","Mr.","0","missing","ca"
"95",95,0,"3","male",59,0,0,7.25,"S","Mr.","0","missing","missing"
"96",96,0,"3","male",29.6991176470588,0,0,8.05,"S","Mr.","0","missing","missing"
"97",97,0,"1","male",71,0,0,34.6542,"C","Mr.","0","A","pc"
"98",98,1,"1","male",23,0,1,63.3583,"C","Mr.","0","D","pc"
"99",99,1,"2","female",34,0,1,23,"S","Mrs.","0","missing","missing"
"100",100,0,"2","male",34,1,0,26,"S","Mr.","1","missing","missing"
"101",101,0,"3","female",28,0,0,7.8958,"S","Miss.","0","missing","missing"
"102",102,0,"3","male",29.6991176470588,0,0,7.8958,"S","Mr.","0","missing","missing"
"103",103,0,"1","male",21,0,1,77.2875,"S","Mr.","0","D","missing"
"104",104,0,"3","male",33,0,0,8.6542,"S","Mr.","0","missing","missing"
"105",105,0,"3","male",37,2,0,7.925,"S","Mr.","0","missing","missing"
"106",106,0,"3","male",28,0,0,7.8958,"S","Mr.","0","missing","missing"
"107",107,1,"3","female",21,0,0,7.65,"S","Miss.","0","missing","missing"
"108",108,1,"3","male",29.6991176470588,0,0,7.775,"S","Mr.","0","missing","missing"
"109",109,0,"3","male",38,0,0,7.8958,"S","Mr.","0","missing","missing"
"110",110,1,"3","female",29.6991176470588,1,0,24.15,"Q","Miss.","0","missing","missing"
"111",111,0,"1","male",47,0,0,52,"S","Mr.","0","C","missing"
"112",112,0,"3","female",14.5,1,0,14.4542,"C","Miss.","0","missing","missing"
"113",113,0,"3","male",22,0,0,8.05,"S","Mr.","0","missing","missing"
"114",114,0,"3","female",20,1,0,9.825,"S","Miss.","0","missing","missing"
"115",115,0,"3","female",17,0,0,14.4583,"C","Miss.","0","missing","missing"
"116",116,0,"3","male",21,0,0,7.925,"S","Mr.","0","missing","ston"
"117",117,0,"3","male",70.5,0,0,7.75,"Q","Mr.","0","missing","missing"
"118",118,0,"2","male",29,1,0,21,"S","Mr.","1","missing","missing"
"119",119,0,"1","male",24,0,1,247.5208,"C","Mr.","0","B","pc"
"120",120,0,"3","female",2,4,2,31.275,"S","Miss.","0","missing","missing"
"121",121,0,"2","male",21,2,0,73.5,"S","Mr.","0","missing","soc"
"122",122,0,"3","male",29.6991176470588,0,0,8.05,"S","Mr.","0","missing","a"
"123",123,0,"2","male",32.5,1,0,30.0708,"C","Mr.","1","missing","missing"
"124",124,1,"2","female",32.5,0,0,13,"S","Miss.","0","E","missing"
"125",125,0,"1","male",54,0,1,77.2875,"S","Mr.","0","D","missing"
"126",126,1,"3","male",12,1,0,11.2417,"C","Master.","0","missing","missing"
"127",127,0,"3","male",29.6991176470588,0,0,7.75,"Q","Mr.","0","missing","missing"
"128",128,1,"3","male",24,0,0,7.1417,"S","Mr.","0","missing","c"
"129",129,1,"3","female",29.6991176470588,1,1,22.3583,"C","Miss.","0","F","missing"
"130",130,0,"3","male",45,0,0,6.975,"S","Mr.","0","missing","missing"
"131",131,0,"3","male",33,0,0,7.8958,"C","Mr.","0","missing","missing"
"132",132,0,"3","male",20,0,0,7.05,"S","Mr.","0","missing","soto"
"133",133,0,"3","female",47,1,0,14.5,"S","Mrs.","0","missing","a"
"134",134,1,"2","female",29,1,0,26,"S","Mrs.","0","missing","missing"
"135",135,0,"2","male",25,0,0,13,"S","Mr.","0","missing","ca"
"136",136,0,"2","male",23,0,0,15.0458,"C","Mr.","0","missing","scpa"
"137",137,1,"1","female",19,0,2,26.2833,"S","Miss.","0","D","missing"
"138",138,0,"1","male",37,1,0,53.1,"S","Mr.","1","C","missing"
"139",139,0,"3","male",16,0,0,9.2167,"S","Mr.","0","missing","missing"
"140",140,0,"1","male",24,0,0,79.2,"C","Mr.","0","B","pc"
"141",141,0,"3","female",29.6991176470588,0,2,15.2458,"C","Mrs.","0","missing","missing"
"142",142,1,"3","female",22,0,0,7.75,"S","Miss.","0","missing","missing"
"143",143,1,"3","female",24,1,0,15.85,"S","Mrs.","1","missing","ston"
"144",144,0,"3","male",19,0,0,6.75,"Q","Mr.","0","missing","missing"
"145",145,0,"2","male",18,0,0,11.5,"S","Mr.","0","missing","missing"
"146",146,0,"2","male",19,1,1,36.75,"S","Mr.","0","missing","ca"
"147",147,1,"3","male",27,0,0,7.7958,"S","Mr.","0","missing","missing"
"148",148,0,"3","female",9,2,2,34.375,"S","Miss.","0","missing","wc"
"149",149,0,"2","male",36.5,0,2,26,"S","Mr.","0","F","missing"
"150",150,0,"2","male",42,0,0,13,"S","Rev.","0","missing","missing"
"151",151,0,"2","male",51,0,0,12.525,"S","Rev.","0","missing","sop"
"152",152,1,"1","female",22,1,0,66.6,"S","Mrs.","0","C","missing"
"153",153,0,"3","male",55.5,0,0,8.05,"S","Mr.","0","missing","a"
"154",154,0,"3","male",40.5,0,2,14.5,"S","Mr.","0","missing","a"
"155",155,0,"3","male",29.6991176470588,0,0,7.3125,"S","Mr.","0","missing","fa"
"156",156,0,"1","male",51,0,1,61.3792,"C","Mr.","0","missing","pc"
"157",157,1,"3","female",16,0,0,7.7333,"Q","Miss.","0","missing","missing"
"158",158,0,"3","male",30,0,0,8.05,"S","Mr.","0","missing","soto"
"159",159,0,"3","male",29.6991176470588,0,0,8.6625,"S","Mr.","0","missing","missing"
"160",160,0,"3","male",29.6991176470588,8,2,69.55,"S","Master.","0","missing","ca"
"161",161,0,"3","male",44,0,1,16.1,"S","Mr.","0","missing","missing"
"162",162,1,"2","female",40,0,0,15.75,"S","Mrs.","0","missing","ca"
"163",163,0,"3","male",26,0,0,7.775,"S","Mr.","0","missing","missing"
"164",164,0,"3","male",17,0,0,8.6625,"S","Mr.","0","missing","missing"
"165",165,0,"3","male",1,4,1,39.6875,"S","Master.","0","missing","missing"
"166",166,1,"3","male",9,0,2,20.525,"S","Master.","0","missing","missing"
"167",167,1,"1","female",29.6991176470588,0,1,55,"S","Mrs.","0","E","missing"
"168",168,0,"3","female",45,1,4,27.9,"S","Mrs.","0","missing","missing"
"169",169,0,"1","male",29.6991176470588,0,0,25.925,"S","Mr.","0","missing","pc"
"170",170,0,"3","male",28,0,0,56.4958,"S","Mr.","0","missing","missing"
"171",171,0,"1","male",61,0,0,33.5,"S","Mr.","0","B","missing"
"172",172,0,"3","male",4,4,1,29.125,"Q","Master.","0","missing","missing"
"173",173,1,"3","female",1,1,1,11.1333,"S","Miss.","0","missing","missing"
"174",174,0,"3","male",21,0,0,7.925,"S","Mr.","0","missing","ston"
"175",175,0,"1","male",56,0,0,30.6958,"C","Mr.","0","A","missing"
"176",176,0,"3","male",18,1,1,7.8542,"S","Mr.","0","missing","missing"
"177",177,0,"3","male",29.6991176470588,3,1,25.4667,"S","Master.","0","missing","missing"
"178",178,0,"1","female",50,0,0,28.7125,"C","Miss.","0","C","pc"
"179",179,0,"2","male",30,0,0,13,"S","Mr.","0","missing","missing"
"180",180,0,"3","male",36,0,0,0,"S","Mr.","0","missing","line"
"181",181,0,"3","female",29.6991176470588,8,2,69.55,"S","Miss.","0","missing","ca"
"182",182,0,"2","male",29.6991176470588,0,0,15.05,"C","Mr.","0","missing","scpa"
"183",183,0,"3","male",9,4,2,31.3875,"S","Master.","0","missing","missing"
"184",184,1,"2","male",1,2,1,39,"S","Master.","0","F","missing"
"185",185,1,"3","female",4,0,2,22.025,"S","Miss.","0","missing","missing"
"186",186,0,"1","male",29.6991176470588,0,0,50,"S","Mr.","0","A","missing"
"187",187,1,"3","female",29.6991176470588,1,0,15.5,"Q","Mrs.","1","missing","missing"
"188",188,1,"1","male",45,0,0,26.55,"S","Mr.","0","missing","missing"
"189",189,0,"3","male",40,1,1,15.5,"Q","Mr.","1","missing","missing"
"190",190,0,"3","male",36,0,0,7.8958,"S","Mr.","0","missing","missing"
"191",191,1,"2","female",32,0,0,13,"S","Mrs.","0","missing","missing"
"192",192,0,"2","male",19,0,0,13,"S","Mr.","0","missing","missing"
"193",193,1,"3","female",19,1,0,7.8542,"S","Miss.","0","missing","missing"
"194",194,1,"2","male",3,1,1,26,"S","Master.","0","F","missing"
"195",195,1,"1","female",44,0,0,27.7208,"C","Mrs.","0","B","pc"
"196",196,1,"1","female",58,0,0,146.5208,"C","Miss.","0","B","pc"
"197",197,0,"3","male",29.6991176470588,0,0,7.75,"Q","Mr.","0","missing","missing"
"198",198,0,"3","male",42,0,1,8.4042,"S","Mr.","0","missing","missing"
"199",199,1,"3","female",29.6991176470588,0,0,7.75,"Q","Miss.","0","missing","missing"
"200",200,0,"2","female",24,0,0,13,"S","Mrs.","0","missing","missing"
"201",201,0,"3","male",28,0,0,9.5,"S","Mr.","0","missing","missing"
"202",202,0,"3","male",29.6991176470588,8,2,69.55,"S","Mr.","0","missing","ca"
"203",203,0,"3","male",34,0,0,6.4958,"S","Mr.","0","missing","missing"
"204",204,0,"3","male",45.5,0,0,7.225,"C","Mr.","0","missing","missing"
"205",205,1,"3","male",18,0,0,8.05,"S","Mr.","0","missing","a"
"206",206,0,"3","female",2,0,1,10.4625,"S","Miss.","0","G","missing"
"207",207,0,"3","male",32,1,0,15.85,"S","Mr.","1","missing","missing"
"208",208,1,"3","male",26,0,0,18.7875,"C","Mr.","0","missing","missing"
"209",209,1,"3","female",16,0,0,7.75,"Q","Miss.","0","missing","missing"
"210",210,1,"1","male",40,0,0,31,"C","Mr.","0","A","missing"
"211",211,0,"3","male",24,0,0,7.05,"S","Mr.","0","missing","soto"
"212",212,1,"2","female",35,0,0,21,"S","Miss.","0","missing","fcc"
"213",213,0,"3","male",22,0,0,7.25,"S","Mr.","0","missing","a"
"214",214,0,"2","male",30,0,0,13,"S","Mr.","0","missing","missing"
"215",215,0,"3","male",29.6991176470588,1,0,7.75,"Q","Mr.","0","missing","missing"
"216",216,1,"1","female",31,1,0,113.275,"C","Miss.","0","D","missing"
"217",217,1,"3","female",27,0,0,7.925,"S","Miss.","0","missing","ston"
"218",218,0,"2","male",42,1,0,27,"S","Mr.","1","missing","missing"
"219",219,1,"1","female",32,0,0,76.2917,"C","Miss.","0","D","missing"
"220",220,0,"2","male",30,0,0,10.5,"S","Mr.","0","missing","wc"
"221",221,1,"3","male",16,0,0,8.05,"S","Mr.","0","missing","soto"
"222",222,0,"2","male",27,0,0,13,"S","Mr.","0","missing","missing"
"223",223,0,"3","male",51,0,0,8.05,"S","Mr.","0","missing","missing"
"224",224,0,"3","male",29.6991176470588,0,0,7.8958,"S","Mr.","0","missing","missing"
"225",225,1,"1","male",38,1,0,90,"S","Mr.","1","C","missing"
"226",226,0,"3","male",22,0,0,9.35,"S","Mr.","0","missing","pp"
"227",227,1,"2","male",19,0,0,10.5,"S","Mr.","0","missing","swpp"
"228",228,0,"3","male",20.5,0,0,7.25,"S","Mr.","0","missing","a"
"229",229,0,"2","male",18,0,0,13,"S","Mr.","0","missing","missing"
"230",230,0,"3","female",29.6991176470588,3,1,25.4667,"S","Miss.","0","missing","missing"
"231",231,1,"1","female",35,1,0,83.475,"S","Mrs.","1","C","missing"
"232",232,0,"3","male",29,0,0,7.775,"S","Mr.","0","missing","missing"
"233",233,0,"2","male",59,0,0,13.5,"S","Mr.","0","missing","missing"
"234",234,1,"3","female",5,4,2,31.3875,"S","Miss.","0","missing","missing"
"235",235,0,"2","male",24,0,0,10.5,"S","Mr.","0","missing","ca"
"236",236,0,"3","female",29.6991176470588,0,0,7.55,"S","Miss.","0","missing","wc"
"237",237,0,"2","male",44,1,0,26,"S","Mr.","0","missing","missing"
"238",238,1,"2","female",8,0,2,26.25,"S","Miss.","0","missing","ca"
"239",239,0,"2","male",19,0,0,10.5,"S","Mr.","0","missing","missing"
"240",240,0,"2","male",33,0,0,12.275,"S","Mr.","0","missing","scow"
"241",241,0,"3","female",29.6991176470588,1,0,14.4542,"C","Miss.","0","missing","missing"
"242",242,1,"3","female",29.6991176470588,1,0,15.5,"Q","Miss.","0","missing","missing"
"243",243,0,"2","male",29,0,0,10.5,"S","Mr.","0","missing","wc"
"244",244,0,"3","male",22,0,0,7.125,"S","Mr.","0","missing","ston"
"245",245,0,"3","male",30,0,0,7.225,"C","Mr.","0","missing","missing"
"246",246,0,"1","male",44,2,0,90,"Q","Dr.","0","C","missing"
"247",247,0,"3","female",25,0,0,7.775,"S","Miss.","0","missing","missing"
"248",248,1,"2","female",24,0,2,14.5,"S","Mrs.","0","missing","missing"
"249",249,1,"1","male",37,1,1,52.5542,"S","Mr.","1","D","missing"
"250",250,0,"2","male",54,1,0,26,"S","Rev.","0","missing","missing"
"251",251,0,"3","male",29.6991176470588,0,0,7.25,"S","Mr.","0","missing","missing"
"252",252,0,"3","female",29,1,1,10.4625,"S","Mrs.","0","G","missing"
"253",253,0,"1","male",62,0,0,26.55,"S","Mr.","0","C","missing"
"254",254,0,"3","male",30,1,0,16.1,"S","Mr.","1","missing","a"
"255",255,0,"3","female",41,0,2,20.2125,"S","Mrs.","0","missing","missing"
"256",256,1,"3","female",29,0,2,15.2458,"C","Mrs.","0","missing","missing"
"257",257,1,"1","female",29.6991176470588,0,0,79.2,"C","Mrs.","0","missing","pc"
"258",258,1,"1","female",30,0,0,86.5,"S","Miss.","0","B","missing"
"259",259,1,"1","female",35,0,0,512.3292,"C","Miss.","0","missing","pc"
"260",260,1,"2","female",50,0,1,26,"S","Mrs.","0","missing","missing"
"261",261,0,"3","male",29.6991176470588,0,0,7.75,"Q","Mr.","0","missing","missing"
"262",262,1,"3","male",3,4,2,31.3875,"S","Master.","0","missing","missing"
"263",263,0,"1","male",52,1,1,79.65,"S","Mr.","1","E","missing"
"264",264,0,"1","male",40,0,0,0,"S","Mr.","0","B","missing"
"265",265,0,"3","female",29.6991176470588,0,0,7.75,"Q","Miss.","0","missing","missing"
"266",266,0,"2","male",36,0,0,10.5,"S","Mr.","0","missing","ca"
"267",267,0,"3","male",16,4,1,39.6875,"S","Mr.","0","missing","missing"
"268",268,1,"3","male",25,1,0,7.775,"S","Mr.","0","missing","missing"
"269",269,1,"1","female",58,0,1,153.4625,"S","Mrs.","0","C","pc"
"270",270,1,"1","female",35,0,0,135.6333,"S","Miss.","0","C","pc"
"271",271,0,"1","male",29.6991176470588,0,0,31,"S","Mr.","0","missing","missing"
"272",272,1,"3","male",25,0,0,0,"S","Mr.","0","missing","line"
"273",273,1,"2","female",41,0,1,19.5,"S","Mrs.","0","missing","missing"
"274",274,0,"1","male",37,0,1,29.7,"C","Mr.","0","C","pc"
"275",275,1,"3","female",29.6991176470588,0,0,7.75,"Q","Miss.","0","missing","missing"
"276",276,1,"1","female",63,1,0,77.9583,"S","Miss.","0","D","missing"
"277",277,0,"3","female",45,0,0,7.75,"S","Miss.","0","missing","missing"
"278",278,0,"2","male",29.6991176470588,0,0,0,"S","Mr.","0","missing","missing"
"279",279,0,"3","male",7,4,1,29.125,"Q","Master.","0","missing","missing"
"280",280,1,"3","female",35,1,1,20.25,"S","Mrs.","0","missing","ca"
"281",281,0,"3","male",65,0,0,7.75,"Q","Mr.","0","missing","missing"
"282",282,0,"3","male",28,0,0,7.8542,"S","Mr.","0","missing","missing"
"283",283,0,"3","male",16,0,0,9.5,"S","Mr.","0","missing","missing"
"284",284,1,"3","male",19,0,0,8.05,"S","Mr.","0","missing","a"
"285",285,0,"1","male",29.6991176470588,0,0,26,"S","Mr.","0","A","missing"
"286",286,0,"3","male",33,0,0,8.6625,"C","Mr.","0","missing","missing"
"287",287,1,"3","male",30,0,0,9.5,"S","Mr.","0","missing","missing"
"288",288,0,"3","male",22,0,0,7.8958,"S","Mr.","0","missing","missing"
"289",289,1,"2","male",42,0,0,13,"S","Mr.","0","missing","missing"
"290",290,1,"3","female",22,0,0,7.75,"Q","Miss.","0","missing","missing"
"291",291,1,"1","female",26,0,0,78.85,"S","Miss.","0","missing","missing"
"292",292,1,"1","female",19,1,0,91.0792,"C","Mrs.","1","B","missing"
"293",293,0,"2","male",36,0,0,12.875,"C","Mr.","0","D","scpa"
"294",294,0,"3","female",24,0,0,8.85,"S","Miss.","0","missing","missing"
"295",295,0,"3","male",24,0,0,7.8958,"S","Mr.","0","missing","missing"
"296",296,0,"1","male",29.6991176470588,0,0,27.7208,"C","Mr.","0","missing","pc"
"297",297,0,"3","male",23.5,0,0,7.2292,"C","Mr.","0","missing","missing"
"298",298,0,"1","female",2,1,2,151.55,"S","Miss.","0","C","missing"
"299",299,1,"1","male",29.6991176470588,0,0,30.5,"S","Mr.","0","C","missing"
"300",300,1,"1","female",50,0,1,247.5208,"C","Mrs.","0","B","pc"
"301",301,1,"3","female",29.6991176470588,0,0,7.75,"Q","Miss.","0","missing","missing"
"302",302,1,"3","male",29.6991176470588,2,0,23.25,"Q","Mr.","0","missing","missing"
"303",303,0,"3","male",19,0,0,0,"S","Mr.","0","missing","line"
"304",304,1,"2","female",29.6991176470588,0,0,12.35,"Q","Miss.","0","E","missing"
"305",305,0,"3","male",29.6991176470588,0,0,8.05,"S","Mr.","0","missing","a"
"306",306,1,"1","male",0.92,1,2,151.55,"S","Master.","0","C","missing"
"307",307,1,"1","female",29.6991176470588,0,0,110.8833,"C","Miss.","0","missing","missing"
"308",308,1,"1","female",17,1,0,108.9,"C","Mrs.","1","C","pc"
"309",309,0,"2","male",30,1,0,24,"C","Mr.","1","missing","ppp"
"310",310,1,"1","female",30,0,0,56.9292,"C","Miss.","0","E","pc"
"311",311,1,"1","female",24,0,0,83.1583,"C","Miss.","0","C","missing"
"312",312,1,"1","female",18,2,2,262.375,"C","Miss.","0","B","pc"
"313",313,0,"2","female",26,1,1,26,"S","Mrs.","0","missing","missing"
"314",314,0,"3","male",28,0,0,7.8958,"S","Mr.","0","missing","missing"
"315",315,0,"2","male",43,1,1,26.25,"S","Mr.","1","missing","fcc"
"316",316,1,"3","female",26,0,0,7.8542,"S","Miss.","0","missing","missing"
"317",317,1,"2","female",24,1,0,26,"S","Mrs.","1","missing","missing"
"318",318,0,"2","male",54,0,0,14,"S","Dr.","0","missing","missing"
"319",319,1,"1","female",31,0,2,164.8667,"S","Miss.","0","C","missing"
"320",320,1,"1","female",40,1,1,134.5,"C","Mrs.","0","E","missing"
"321",321,0,"3","male",22,0,0,7.25,"S","Mr.","0","missing","a"
"322",322,0,"3","male",27,0,0,7.8958,"S","Mr.","0","missing","missing"
"323",323,1,"2","female",30,0,0,12.35,"Q","Miss.","0","missing","missing"
"324",324,1,"2","female",22,1,1,29,"S","Mrs.","0","missing","missing"
"325",325,0,"3","male",29.6991176470588,8,2,69.55,"S","Mr.","0","missing","ca"
"326",326,1,"1","female",36,0,0,135.6333,"C","Miss.","0","C","pc"
"327",327,0,"3","male",61,0,0,6.2375,"S","Mr.","0","missing","missing"
"328",328,1,"2","female",36,0,0,13,"S","Mrs.","0","D","missing"
"329",329,1,"3","female",31,1,1,20.525,"S","Mrs.","1","missing","missing"
"330",330,1,"1","female",16,0,1,57.9792,"C","Miss.","0","B","missing"
"331",331,1,"3","female",29.6991176470588,2,0,23.25,"Q","Miss.","0","missing","missing"
"332",332,0,"1","male",45.5,0,0,28.5,"S","Mr.","0","C","missing"
"333",333,0,"1","male",38,0,1,153.4625,"S","Mr.","0","C","pc"
"334",334,0,"3","male",16,2,0,18,"S","Mr.","0","missing","missing"
"335",335,1,"1","female",29.6991176470588,1,0,133.65,"S","Mrs.","0","missing","pc"
"336",336,0,"3","male",29.6991176470588,0,0,7.8958,"S","Mr.","0","missing","missing"
"337",337,0,"1","male",29,1,0,66.6,"S","Mr.","0","C","missing"
"338",338,1,"1","female",41,0,0,134.5,"C","Miss.","0","E","missing"
"339",339,1,"3","male",45,0,0,8.05,"S","Mr.","0","missing","missing"
"340",340,0,"1","male",45,0,0,35.5,"S","Mr.","0","T","missing"
"341",341,1,"2","male",2,1,1,26,"S","Master.","0","F","missing"
"342",342,1,"1","female",24,3,2,263,"S","Miss.","0","C","missing"
"343",343,0,"2","male",28,0,0,13,"S","Mr.","0","missing","missing"
"344",344,0,"2","male",25,0,0,13,"S","Mr.","0","missing","missing"
"345",345,0,"2","male",36,0,0,13,"S","Mr.","0","missing","missing"
"346",346,1,"2","female",24,0,0,13,"S","Miss.","0","F","missing"
"347",347,1,"2","female",40,0,0,13,"S","Miss.","0","missing","missing"
"348",348,1,"3","female",29.6991176470588,1,0,16.1,"S","Mrs.","0","missing","missing"
"349",349,1,"3","male",3,1,1,15.9,"S","Master.","0","missing","ca"
"350",350,0,"3","male",42,0,0,8.6625,"S","Mr.","0","missing","missing"
"351",351,0,"3","male",23,0,0,9.225,"S","Mr.","0","missing","missing"
"352",352,0,"1","male",29.6991176470588,0,0,35,"S","Mr.","0","C","missing"
"353",353,0,"3","male",15,1,1,7.2292,"C","Mr.","0","missing","missing"
"354",354,0,"3","male",25,1,0,17.8,"S","Mr.","1","missing","missing"
"355",355,0,"3","male",29.6991176470588,0,0,7.225,"C","Mr.","0","missing","missing"
"356",356,0,"3","male",28,0,0,9.5,"S","Mr.","0","missing","missing"
"357",357,1,"1","female",22,0,1,55,"S","Miss.","0","E","missing"
"358",358,0,"2","female",38,0,0,13,"S","Miss.","0","missing","missing"
"359",359,1,"3","female",29.6991176470588,0,0,7.8792,"Q","Miss.","0","missing","missing"
"360",360,1,"3","female",29.6991176470588,0,0,7.8792,"Q","Miss.","0","missing","missing"
"361",361,0,"3","male",40,1,4,27.9,"S","Mr.","0","missing","missing"
"362",362,0,"2","male",29,1,0,27.7208,"C","Mr.","0","missing","scpa"
"363",363,0,"3","female",45,0,1,14.4542,"C","Mrs.","0","missing","missing"
"364",364,0,"3","male",35,0,0,7.05,"S","Mr.","0","missing","soto"
"365",365,0,"3","male",29.6991176470588,1,0,15.5,"Q","Mr.","1","missing","missing"
"366",366,0,"3","male",30,0,0,7.25,"S","Mr.","0","missing","c"
"367",367,1,"1","female",60,1,0,75.25,"C","Mrs.","0","D","missing"
"368",368,1,"3","female",29.6991176470588,0,0,7.2292,"C","Mrs.","0","missing","missing"
"369",369,1,"3","female",29.6991176470588,0,0,7.75,"Q","Miss.","0","missing","missing"
"370",370,1,"1","female",24,0,0,69.3,"C","Other","0","B","pc"
"371",371,1,"1","male",25,1,0,55.4417,"C","Mr.","0","E","missing"
"372",372,0,"3","male",18,1,0,6.4958,"S","Mr.","0","missing","missing"
"373",373,0,"3","male",19,0,0,8.05,"S","Mr.","0","missing","missing"
"374",374,0,"1","male",22,0,0,135.6333,"C","Mr.","0","missing","pc"
"375",375,0,"3","female",3,3,1,21.075,"S","Miss.","0","missing","missing"
"376",376,1,"1","female",29.6991176470588,1,0,82.1708,"C","Mrs.","1","missing","pc"
"377",377,1,"3","female",22,0,0,7.25,"S","Miss.","0","missing","c"
"378",378,0,"1","male",27,0,2,211.5,"C","Mr.","0","C","missing"
"379",379,0,"3","male",20,0,0,4.0125,"C","Mr.","0","missing","missing"
"380",380,0,"3","male",19,0,0,7.775,"S","Mr.","0","missing","missing"
"381",381,1,"1","female",42,0,0,227.525,"C","Miss.","0","missing","pc"
"382",382,1,"3","female",1,0,2,15.7417,"C","Miss.","0","missing","missing"
"383",383,0,"3","male",32,0,0,7.925,"S","Mr.","0","missing","ston"
"384",384,1,"1","female",35,1,0,52,"S","Mrs.","1","missing","missing"
"385",385,0,"3","male",29.6991176470588,0,0,7.8958,"S","Mr.","0","missing","missing"
"386",386,0,"2","male",18,0,0,73.5,"S","Mr.","0","missing","soc"
"387",387,0,"3","male",1,5,2,46.9,"S","Master.","0","missing","ca"
"388",388,1,"2","female",36,0,0,13,"S","Miss.","0","missing","missing"
"389",389,0,"3","male",29.6991176470588,0,0,7.7292,"Q","Mr.","0","missing","missing"
"390",390,1,"2","female",17,0,0,12,"C","Miss.","0","missing","sc"
"391",391,1,"1","male",36,1,2,120,"S","Mr.","1","B","missing"
"392",392,1,"3","male",21,0,0,7.7958,"S","Mr.","0","missing","missing"
"393",393,0,"3","male",28,2,0,7.925,"S","Mr.","0","missing","missing"
"394",394,1,"1","female",23,1,0,113.275,"C","Miss.","0","D","missing"
"395",395,1,"3","female",24,0,2,16.7,"S","Mrs.","0","G","pp"
"396",396,0,"3","male",22,0,0,7.7958,"S","Mr.","0","missing","missing"
"397",397,0,"3","female",31,0,0,7.8542,"S","Miss.","0","missing","missing"
"398",398,0,"2","male",46,0,0,26,"S","Mr.","0","missing","missing"
"399",399,0,"2","male",23,0,0,10.5,"S","Dr.","0","missing","missing"
"400",400,1,"2","female",28,0,0,12.65,"S","Mrs.","0","missing","missing"
"401",401,1,"3","male",39,0,0,7.925,"S","Mr.","0","missing","ston"
"402",402,0,"3","male",26,0,0,8.05,"S","Mr.","0","missing","missing"
"403",403,0,"3","female",21,1,0,9.825,"S","Miss.","0","missing","missing"
"404",404,0,"3","male",28,1,0,15.85,"S","Mr.","1","missing","ston"
"405",405,0,"3","female",20,0,0,8.6625,"S","Miss.","0","missing","missing"
"406",406,0,"2","male",34,1,0,21,"S","Mr.","0","missing","missing"
"407",407,0,"3","male",51,0,0,7.75,"S","Mr.","0","missing","missing"
"408",408,1,"2","male",3,1,1,18.75,"S","Master.","0","missing","missing"
"409",409,0,"3","male",21,0,0,7.775,"S","Mr.","0","missing","missing"
"410",410,0,"3","female",29.6991176470588,3,1,25.4667,"S","Miss.","0","missing","missing"
"411",411,0,"3","male",29.6991176470588,0,0,7.8958,"S","Mr.","0","missing","missing"
"412",412,0,"3","male",29.6991176470588,0,0,6.8583,"Q","Mr.","0","missing","missing"
"413",413,1,"1","female",33,1,0,90,"Q","Miss.","0","C","missing"
"414",414,0,"2","male",29.6991176470588,0,0,0,"S","Mr.","0","missing","missing"
"415",415,1,"3","male",44,0,0,7.925,"S","Mr.","0","missing","ston"
"416",416,0,"3","female",29.6991176470588,0,0,8.05,"S","Mrs.","0","missing","missing"
"417",417,1,"2","female",34,1,1,32.5,"S","Mrs.","0","missing","missing"
"418",418,1,"2","female",18,0,2,13,"S","Miss.","0","missing","missing"
"419",419,0,"2","male",30,0,0,13,"S","Mr.","0","missing","missing"
"420",420,0,"3","female",10,0,2,24.15,"S","Miss.","0","missing","missing"
"421",421,0,"3","male",29.6991176470588,0,0,7.8958,"C","Mr.","0","missing","missing"
"422",422,0,"3","male",21,0,0,7.7333,"Q","Mr.","0","missing","a"
"423",423,0,"3","male",29,0,0,7.875,"S","Mr.","0","missing","missing"
"424",424,0,"3","female",28,1,1,14.4,"S","Mrs.","1","missing","missing"
"425",425,0,"3","male",18,1,1,20.2125,"S","Mr.","0","missing","missing"
"426",426,0,"3","male",29.6991176470588,0,0,7.25,"S","Mr.","0","missing","a"
"427",427,1,"2","female",28,1,0,26,"S","Mrs.","0","missing","missing"
"428",428,1,"2","female",19,0,0,26,"S","Mrs.","0","missing","missing"
"429",429,0,"3","male",29.6991176470588,0,0,7.75,"Q","Mr.","0","missing","missing"
"430",430,1,"3","male",32,0,0,8.05,"S","Mr.","0","E","soto"
"431",431,1,"1","male",28,0,0,26.55,"S","Mr.","0","C","missing"
"432",432,1,"3","female",29.6991176470588,1,0,16.1,"S","Mrs.","1","missing","missing"
"433",433,1,"2","female",42,1,0,26,"S","Mrs.","0","missing","scah"
"434",434,0,"3","male",17,0,0,7.125,"S","Mr.","0","missing","ston"
"435",435,0,"1","male",50,1,0,55.9,"S","Mr.","1","E","missing"
"436",436,1,"1","female",14,1,2,120,"S","Miss.","0","B","missing"
"437",437,0,"3","female",21,2,2,34.375,"S","Miss.","0","missing","wc"
"438",438,1,"2","female",24,2,3,18.75,"S","Mrs.","0","missing","missing"
"439",439,0,"1","male",64,1,4,263,"S","Mr.","0","C","missing"
"440",440,0,"2","male",31,0,0,10.5,"S","Mr.","0","missing","ca"
"441",441,1,"2","female",45,1,1,26.25,"S","Mrs.","1","missing","fcc"
"442",442,0,"3","male",20,0,0,9.5,"S","Mr.","0","missing","missing"
"443",443,0,"3","male",25,1,0,7.775,"S","Mr.","0","missing","missing"
"444",444,1,"2","female",28,0,0,13,"S","Other","0","missing","missing"
"445",445,1,"3","male",29.6991176470588,0,0,8.1125,"S","Mr.","0","missing","missing"
"446",446,1,"1","male",4,0,2,81.8583,"S","Master.","0","A","missing"
"447",447,1,"2","female",13,0,1,19.5,"S","Miss.","0","missing","missing"
"448",448,1,"1","male",34,0,0,26.55,"S","Mr.","0","missing","missing"
"449",449,1,"3","female",5,2,1,19.2583,"C","Miss.","0","missing","missing"
"450",450,1,"1","male",52,0,0,30.5,"S","Other","0","C","missing"
"451",451,0,"2","male",36,1,2,27.75,"S","Mr.","1","missing","ca"
"452",452,0,"3","male",29.6991176470588,1,0,19.9667,"S","Mr.","0","missing","missing"
"453",453,0,"1","male",30,0,0,27.75,"C","Mr.","0","C","missing"
"454",454,1,"1","male",49,1,0,89.1042,"C","Mr.","1","C","missing"
"455",455,0,"3","male",29.6991176470588,0,0,8.05,"S","Mr.","0","missing","a"
"456",456,1,"3","male",29,0,0,7.8958,"C","Mr.","0","missing","missing"
"457",457,0,"1","male",65,0,0,26.55,"S","Mr.","0","E","missing"
"458",458,1,"1","female",29.6991176470588,1,0,51.8625,"S","Mrs.","0","D","missing"
"459",459,1,"2","female",50,0,0,10.5,"S","Miss.","0","missing","fcc"
"460",460,0,"3","male",29.6991176470588,0,0,7.75,"Q","Mr.","0","missing","missing"
"461",461,1,"1","male",48,0,0,26.55,"S","Mr.","0","E","missing"
"462",462,0,"3","male",34,0,0,8.05,"S","Mr.","0","missing","missing"
"463",463,0,"1","male",47,0,0,38.5,"S","Mr.","0","E","missing"
"464",464,0,"2","male",48,0,0,13,"S","Mr.","0","missing","missing"
"465",465,0,"3","male",29.6991176470588,0,0,8.05,"S","Mr.","0","missing","as"
"466",466,0,"3","male",38,0,0,7.05,"S","Mr.","0","missing","soto"
"467",467,0,"2","male",29.6991176470588,0,0,0,"S","Mr.","0","missing","missing"
"468",468,0,"1","male",56,0,0,26.55,"S","Mr.","0","missing","missing"
"469",469,0,"3","male",29.6991176470588,0,0,7.725,"Q","Mr.","0","missing","missing"
"470",470,1,"3","female",0.75,2,1,19.2583,"C","Miss.","0","missing","missing"
"471",471,0,"3","male",29.6991176470588,0,0,7.25,"S","Mr.","0","missing","missing"
"472",472,0,"3","male",38,0,0,8.6625,"S","Mr.","0","missing","missing"
"473",473,1,"2","female",33,1,2,27.75,"S","Mrs.","1","missing","ca"
"474",474,1,"2","female",23,0,0,13.7917,"C","Mrs.","0","D","scah"
"475",475,0,"3","female",22,0,0,9.8375,"S","Miss.","0","missing","missing"
"476",476,0,"1","male",29.6991176470588,0,0,52,"S","Mr.","0","A","missing"
"477",477,0,"2","male",34,1,0,21,"S","Mr.","1","missing","missing"
"478",478,0,"3","male",29,1,0,7.0458,"S","Mr.","0","missing","missing"
"479",479,0,"3","male",22,0,0,7.5208,"S","Mr.","0","missing","missing"
"480",480,1,"3","female",2,0,1,12.2875,"S","Miss.","0","missing","missing"
"481",481,0,"3","male",9,5,2,46.9,"S","Master.","0","missing","ca"
"482",482,0,"2","male",29.6991176470588,0,0,0,"S","Mr.","0","missing","missing"
"483",483,0,"3","male",50,0,0,8.05,"S","Mr.","0","missing","a"
"484",484,1,"3","female",63,0,0,9.5875,"S","Mrs.","0","missing","missing"
"485",485,1,"1","male",25,1,0,91.0792,"C","Mr.","1","B","missing"
"486",486,0,"3","female",29.6991176470588,3,1,25.4667,"S","Miss.","0","missing","missing"
"487",487,1,"1","female",35,1,0,90,"S","Mrs.","1","C","missing"
"488",488,0,"1","male",58,0,0,29.7,"C","Mr.","0","B","missing"
"489",489,0,"3","male",30,0,0,8.05,"S","Mr.","0","missing","a"
"490",490,1,"3","male",9,1,1,15.9,"S","Master.","0","missing","ca"
"491",491,0,"3","male",29.6991176470588,1,0,19.9667,"S","Mr.","0","missing","missing"
"492",492,0,"3","male",21,0,0,7.25,"S","Mr.","0","missing","soto"
"493",493,0,"1","male",55,0,0,30.5,"S","Mr.","0","C","missing"
"494",494,0,"1","male",71,0,0,49.5042,"C","Mr.","0","missing","pc"
"495",495,0,"3","male",21,0,0,8.05,"S","Mr.","0","missing","a"
"496",496,0,"3","male",29.6991176470588,0,0,14.4583,"C","Mr.","0","missing","missing"
"497",497,1,"1","female",54,1,0,78.2667,"C","Miss.","0","D","missing"
"498",498,0,"3","male",29.6991176470588,0,0,15.1,"S","Mr.","0","missing","ca"
"499",499,0,"1","female",25,1,2,151.55,"S","Mrs.","0","C","missing"
"500",500,0,"3","male",24,0,0,7.7958,"S","Mr.","0","missing","missing"
"501",501,0,"3","male",17,0,0,8.6625,"S","Mr.","0","missing","missing"
"502",502,0,"3","female",21,0,0,7.75,"Q","Miss.","0","missing","missing"
"503",503,0,"3","female",29.6991176470588,0,0,7.6292,"Q","Miss.","0","missing","missing"
"504",504,0,"3","female",37,0,0,9.5875,"S","Miss.","0","missing","missing"
"505",505,1,"1","female",16,0,0,86.5,"S","Miss.","0","B","missing"
"506",506,0,"1","male",18,1,0,108.9,"C","Mr.","1","C","pc"
"507",507,1,"2","female",33,0,2,26,"S","Mrs.","0","missing","missing"
"508",508,1,"1","male",29.6991176470588,0,0,26.55,"S","Mr.","0","missing","missing"
"509",509,0,"3","male",28,0,0,22.525,"S","Mr.","0","missing","c"
"510",510,1,"3","male",26,0,0,56.4958,"S","Mr.","0","missing","missing"
"511",511,1,"3","male",29,0,0,7.75,"Q","Mr.","0","missing","missing"
"512",512,0,"3","male",29.6991176470588,0,0,8.05,"S","Mr.","0","missing","soto"
"513",513,1,"1","male",36,0,0,26.2875,"S","Mr.","0","E","pc"
"514",514,1,"1","female",54,1,0,59.4,"C","Mrs.","0","missing","pc"
"515",515,0,"3","male",24,0,0,7.4958,"S","Mr.","0","missing","missing"
"516",516,0,"1","male",47,0,0,34.0208,"S","Mr.","0","D","missing"
"517",517,1,"2","female",34,0,0,10.5,"S","Mrs.","0","F","ca"
"518",518,0,"3","male",29.6991176470588,0,0,24.15,"Q","Mr.","0","missing","missing"
"519",519,1,"2","female",36,1,0,26,"S","Mrs.","0","missing","missing"
"520",520,0,"3","male",32,0,0,7.8958,"S","Mr.","0","missing","missing"
"521",521,1,"1","female",30,0,0,93.5,"S","Miss.","0","B","missing"
"522",522,0,"3","male",22,0,0,7.8958,"S","Mr.","0","missing","missing"
"523",523,0,"3","male",29.6991176470588,0,0,7.225,"C","Mr.","0","missing","missing"
"524",524,1,"1","female",44,0,1,57.9792,"C","Mrs.","0","B","missing"
"525",525,0,"3","male",29.6991176470588,0,0,7.2292,"C","Mr.","0","missing","missing"
"526",526,0,"3","male",40.5,0,0,7.75,"Q","Mr.","0","missing","missing"
"527",527,1,"2","female",50,0,0,10.5,"S","Miss.","0","missing","wc"
"528",528,0,"1","male",29.6991176470588,0,0,221.7792,"S","Mr.","0","C","pc"
"529",529,0,"3","male",39,0,0,7.925,"S","Mr.","0","missing","missing"
"530",530,0,"2","male",23,2,1,11.5,"S","Mr.","0","missing","missing"
"531",531,1,"2","female",2,1,1,26,"S","Miss.","0","missing","missing"
"532",532,0,"3","male",29.6991176470588,0,0,7.2292,"C","Mr.","0","missing","missing"
"533",533,0,"3","male",17,1,1,7.2292,"C","Mr.","0","missing","missing"
"534",534,1,"3","female",29.6991176470588,0,2,22.3583,"C","Mrs.","0","missing","missing"
"535",535,0,"3","female",30,0,0,8.6625,"S","Miss.","0","missing","missing"
"536",536,1,"2","female",7,0,2,26.25,"S","Miss.","0","missing","fcc"
"537",537,0,"1","male",45,0,0,26.55,"S","Other","0","B","missing"
"538",538,1,"1","female",30,0,0,106.425,"C","Miss.","0","missing","pc"
"539",539,0,"3","male",29.6991176470588,0,0,14.5,"S","Mr.","0","missing","missing"
"540",540,1,"1","female",22,0,2,49.5,"C","Miss.","0","B","missing"
"541",541,1,"1","female",36,0,2,71,"S","Miss.","0","B","wep"
"542",542,0,"3","female",9,4,2,31.275,"S","Miss.","0","missing","missing"
"543",543,0,"3","female",11,4,2,31.275,"S","Miss.","0","missing","missing"
"544",544,1,"2","male",32,1,0,26,"S","Mr.","1","missing","missing"
"545",545,0,"1","male",50,1,0,106.425,"C","Mr.","0","C","pc"
"546",546,0,"1","male",64,0,0,26,"S","Mr.","0","missing","missing"
"547",547,1,"2","female",19,1,0,26,"S","Mrs.","1","missing","missing"
"548",548,1,"2","male",29.6991176470588,0,0,13.8625,"C","Mr.","0","missing","scpa"
"549",549,0,"3","male",33,1,1,20.525,"S","Mr.","1","missing","missing"
"550",550,1,"2","male",8,1,1,36.75,"S","Master.","0","missing","ca"
"551",551,1,"1","male",17,0,2,110.8833,"C","Mr.","0","C","missing"
"552",552,0,"2","male",27,0,0,26,"S","Mr.","0","missing","missing"
"553",553,0,"3","male",29.6991176470588,0,0,7.8292,"Q","Mr.","0","missing","missing"
"554",554,1,"3","male",22,0,0,7.225,"C","Mr.","0","missing","missing"
"555",555,1,"3","female",22,0,0,7.775,"S","Miss.","0","missing","missing"
"556",556,0,"1","male",62,0,0,26.55,"S","Mr.","0","missing","missing"
"557",557,1,"1","female",48,1,0,39.6,"C","Mrs.","0","A","missing"
"558",558,0,"1","male",29.6991176470588,0,0,227.525,"C","Mr.","0","missing","pc"
"559",559,1,"1","female",39,1,1,79.65,"S","Mrs.","1","E","missing"
"560",560,1,"3","female",36,1,0,17.4,"S","Mrs.","0","missing","missing"
"561",561,0,"3","male",29.6991176470588,0,0,7.75,"Q","Mr.","0","missing","missing"
"562",562,0,"3","male",40,0,0,7.8958,"S","Mr.","0","missing","missing"
"563",563,0,"2","male",28,0,0,13.5,"S","Mr.","0","missing","missing"
"564",564,0,"3","male",29.6991176470588,0,0,8.05,"S","Mr.","0","missing","soto"
"565",565,0,"3","female",29.6991176470588,0,0,8.05,"S","Miss.","0","missing","soto"
"566",566,0,"3","male",24,2,0,24.15,"S","Mr.","0","missing","a"
"567",567,0,"3","male",19,0,0,7.8958,"S","Mr.","0","missing","missing"
"568",568,0,"3","female",29,0,4,21.075,"S","Mrs.","0","missing","missing"
"569",569,0,"3","male",29.6991176470588,0,0,7.2292,"C","Mr.","0","missing","missing"
"570",570,1,"3","male",32,0,0,7.8542,"S","Mr.","0","missing","missing"
"571",571,1,"2","male",62,0,0,10.5,"S","Mr.","0","missing","swpp"
"572",572,1,"1","female",53,2,0,51.4792,"S","Mrs.","0","C","missing"
"573",573,1,"1","male",36,0,0,26.3875,"S","Mr.","0","E","pc"
"574",574,1,"3","female",29.6991176470588,0,0,7.75,"Q","Miss.","0","missing","missing"
"575",575,0,"3","male",16,0,0,8.05,"S","Mr.","0","missing","a"
"576",576,0,"3","male",19,0,0,14.5,"S","Mr.","0","missing","missing"
"577",577,1,"2","female",34,0,0,13,"S","Miss.","0","missing","missing"
"578",578,1,"1","female",39,1,0,55.9,"S","Mrs.","1","E","missing"
"579",579,0,"3","female",29.6991176470588,1,0,14.4583,"C","Mrs.","0","missing","missing"
"580",580,1,"3","male",32,0,0,7.925,"S","Mr.","0","missing","ston"
"581",581,1,"2","female",25,1,1,30,"S","Miss.","0","missing","missing"
"582",582,1,"1","female",39,1,1,110.8833,"C","Mrs.","1","C","missing"
"583",583,0,"2","male",54,0,0,26,"S","Mr.","0","missing","missing"
"584",584,0,"1","male",36,0,0,40.125,"C","Mr.","0","A","missing"
"585",585,0,"3","male",29.6991176470588,0,0,8.7125,"C","Mr.","0","missing","missing"
"586",586,1,"1","female",18,0,2,79.65,"S","Miss.","0","E","missing"
"587",587,0,"2","male",47,0,0,15,"S","Mr.","0","missing","missing"
"588",588,1,"1","male",60,1,1,79.2,"C","Mr.","0","B","missing"
"589",589,0,"3","male",22,0,0,8.05,"S","Mr.","0","missing","missing"
"590",590,0,"3","male",29.6991176470588,0,0,8.05,"S","Mr.","0","missing","a"
"591",591,0,"3","male",35,0,0,7.125,"S","Mr.","0","missing","ston"
"592",592,1,"1","female",52,1,0,78.2667,"C","Mrs.","0","D","missing"
"593",593,0,"3","male",47,0,0,7.25,"S","Mr.","0","missing","a"
"594",594,0,"3","female",29.6991176470588,0,2,7.75,"Q","Miss.","0","missing","missing"
"595",595,0,"2","male",37,1,0,26,"S","Mr.","0","missing","scah"
"596",596,0,"3","male",36,1,1,24.15,"S","Mr.","1","missing","missing"
"597",597,1,"2","female",29.6991176470588,0,0,33,"S","Miss.","0","missing","missing"
"598",598,0,"3","male",49,0,0,0,"S","Mr.","0","missing","line"
"599",599,0,"3","male",29.6991176470588,0,0,7.225,"C","Mr.","0","missing","missing"
"600",600,1,"1","male",49,1,0,56.9292,"C","Mr.","0","A","pc"
"601",601,1,"2","female",24,2,1,27,"S","Mrs.","1","missing","missing"
"602",602,0,"3","male",29.6991176470588,0,0,7.8958,"S","Mr.","0","missing","missing"
"603",603,0,"1","male",29.6991176470588,0,0,42.4,"S","Mr.","0","missing","missing"
"604",604,0,"3","male",44,0,0,8.05,"S","Mr.","0","missing","missing"
"605",605,1,"1","male",35,0,0,26.55,"C","Mr.","0","missing","missing"
"606",606,0,"3","male",36,1,0,15.55,"S","Mr.","0","missing","missing"
"607",607,0,"3","male",30,0,0,7.8958,"S","Mr.","0","missing","missing"
"608",608,1,"1","male",27,0,0,30.5,"S","Mr.","0","missing","missing"
"609",609,1,"2","female",22,1,2,41.5792,"C","Mrs.","0","missing","scpa"
"610",610,1,"1","female",40,0,0,153.4625,"S","Miss.","0","C","pc"
"611",611,0,"3","female",39,1,5,31.275,"S","Mrs.","1","missing","missing"
"612",612,0,"3","male",29.6991176470588,0,0,7.05,"S","Mr.","0","missing","soto"
"613",613,1,"3","female",29.6991176470588,1,0,15.5,"Q","Miss.","0","missing","missing"
"614",614,0,"3","male",29.6991176470588,0,0,7.75,"Q","Mr.","0","missing","missing"
"615",615,0,"3","male",35,0,0,8.05,"S","Mr.","0","missing","missing"
"616",616,1,"2","female",24,1,2,65,"S","Miss.","0","missing","missing"
"617",617,0,"3","male",34,1,1,14.4,"S","Mr.","1","missing","missing"
"618",618,0,"3","female",26,1,0,16.1,"S","Mrs.","1","missing","a"
"619",619,1,"2","female",4,2,1,39,"S","Miss.","0","F","missing"
"620",620,0,"2","male",26,0,0,10.5,"S","Mr.","0","missing","missing"
"621",621,0,"3","male",27,1,0,14.4542,"C","Mr.","1","missing","missing"
"622",622,1,"1","male",42,1,0,52.5542,"S","Mr.","0","D","missing"
"623",623,1,"3","male",20,1,1,15.7417,"C","Mr.","0","missing","missing"
"624",624,0,"3","male",21,0,0,7.8542,"S","Mr.","0","missing","missing"
"625",625,0,"3","male",21,0,0,16.1,"S","Mr.","0","missing","missing"
"626",626,0,"1","male",61,0,0,32.3208,"S","Mr.","0","D","missing"
"627",627,0,"2","male",57,0,0,12.35,"Q","Rev.","0","missing","missing"
"628",628,1,"1","female",21,0,0,77.9583,"S","Miss.","0","D","missing"
"629",629,0,"3","male",26,0,0,7.8958,"S","Mr.","0","missing","missing"
"630",630,0,"3","male",29.6991176470588,0,0,7.7333,"Q","Mr.","0","missing","missing"
"631",631,1,"1","male",80,0,0,30,"S","Mr.","0","A","missing"
"632",632,0,"3","male",51,0,0,7.0542,"S","Mr.","0","missing","missing"
"633",633,1,"1","male",32,0,0,30.5,"C","Dr.","0","B","missing"
"634",634,0,"1","male",29.6991176470588,0,0,0,"S","Mr.","0","missing","missing"
"635",635,0,"3","female",9,3,2,27.9,"S","Miss.","0","missing","missing"
"636",636,1,"2","female",28,0,0,13,"S","Miss.","0","missing","missing"
"637",637,0,"3","male",32,0,0,7.925,"S","Mr.","0","missing","ston"
"638",638,0,"2","male",31,1,1,26.25,"S","Mr.","1","missing","ca"
"639",639,0,"3","female",41,0,5,39.6875,"S","Mrs.","0","missing","missing"
"640",640,0,"3","male",29.6991176470588,1,0,16.1,"S","Mr.","1","missing","missing"
"641",641,0,"3","male",20,0,0,7.8542,"S","Mr.","0","missing","missing"
"642",642,1,"1","female",24,0,0,69.3,"C","Other","0","B","pc"
"643",643,0,"3","female",2,3,2,27.9,"S","Miss.","0","missing","missing"
"644",644,1,"3","male",29.6991176470588,0,0,56.4958,"S","Mr.","0","missing","missing"
"645",645,1,"3","female",0.75,2,1,19.2583,"C","Miss.","0","missing","missing"
"646",646,1,"1","male",48,1,0,76.7292,"C","Mr.","1","D","pc"
"647",647,0,"3","male",19,0,0,7.8958,"S","Mr.","0","missing","missing"
"648",648,1,"1","male",56,0,0,35.5,"C","Other","0","A","missing"
"649",649,0,"3","male",29.6991176470588,0,0,7.55,"S","Mr.","0","missing","sopp"
"650",650,1,"3","female",23,0,0,7.55,"S","Miss.","0","missing","ca"
"651",651,0,"3","male",29.6991176470588,0,0,7.8958,"S","Mr.","0","missing","missing"
"652",652,1,"2","female",18,0,1,23,"S","Miss.","0","missing","missing"
"653",653,0,"3","male",21,0,0,8.4333,"S","Mr.","0","missing","missing"
"654",654,1,"3","female",29.6991176470588,0,0,7.8292,"Q","Miss.","0","missing","missing"
"655",655,0,"3","female",18,0,0,6.75,"Q","Miss.","0","missing","missing"
"656",656,0,"2","male",24,2,0,73.5,"S","Mr.","0","missing","soc"
"657",657,0,"3","male",29.6991176470588,0,0,7.8958,"S","Mr.","0","missing","missing"
"658",658,0,"3","female",32,1,1,15.5,"Q","Mrs.","1","missing","missing"
"659",659,0,"2","male",23,0,0,13,"S","Mr.","0","missing","missing"
"660",660,0,"1","male",58,0,2,113.275,"C","Mr.","0","D","missing"
"661",661,1,"1","male",50,2,0,133.65,"S","Dr.","0","missing","pc"
"662",662,0,"3","male",40,0,0,7.225,"C","Mr.","0","missing","missing"
"663",663,0,"1","male",47,0,0,25.5875,"S","Mr.","0","E","missing"
"664",664,0,"3","male",36,0,0,7.4958,"S","Mr.","0","missing","missing"
"665",665,1,"3","male",20,1,0,7.925,"S","Mr.","0","missing","ston"
"666",666,0,"2","male",32,2,0,73.5,"S","Mr.","0","missing","soc"
"667",667,0,"2","male",25,0,0,13,"S","Mr.","0","missing","missing"
"668",668,0,"3","male",29.6991176470588,0,0,7.775,"S","Mr.","0","missing","missing"
"669",669,0,"3","male",43,0,0,8.05,"S","Mr.","0","missing","a"
"670",670,1,"1","female",29.6991176470588,1,0,52,"S","Mrs.","1","C","missing"
"671",671,1,"2","female",40,1,1,39,"S","Mrs.","1","missing","missing"
"672",672,0,"1","male",31,1,0,52,"S","Mr.","0","B","fc"
"673",673,0,"2","male",70,0,0,10.5,"S","Mr.","0","missing","ca"
"674",674,1,"2","male",31,0,0,13,"S","Mr.","0","missing","missing"
"675",675,0,"2","male",29.6991176470588,0,0,0,"S","Mr.","0","missing","missing"
"676",676,0,"3","male",18,0,0,7.775,"S","Mr.","0","missing","missing"
"677",677,0,"3","male",24.5,0,0,8.05,"S","Mr.","0","missing","missing"
"678",678,1,"3","female",18,0,0,9.8417,"S","Miss.","0","missing","missing"
"679",679,0,"3","female",43,1,6,46.9,"S","Mrs.","0","missing","ca"
"680",680,1,"1","male",36,0,1,512.3292,"C","Mr.","0","B","pc"
"681",681,0,"3","female",29.6991176470588,0,0,8.1375,"Q","Miss.","0","missing","missing"
"682",682,1,"1","male",27,0,0,76.7292,"C","Mr.","0","D","pc"
"683",683,0,"3","male",20,0,0,9.225,"S","Mr.","0","missing","missing"
"684",684,0,"3","male",14,5,2,46.9,"S","Mr.","0","missing","ca"
"685",685,0,"2","male",60,1,1,39,"S","Mr.","1","missing","missing"
"686",686,0,"2","male",25,1,2,41.5792,"C","Mr.","0","missing","scpa"
"687",687,0,"3","male",14,4,1,39.6875,"S","Mr.","0","missing","missing"
"688",688,0,"3","male",19,0,0,10.1708,"S","Mr.","0","missing","missing"
"689",689,0,"3","male",18,0,0,7.7958,"S","Mr.","0","missing","missing"
"690",690,1,"1","female",15,0,1,211.3375,"S","Miss.","0","B","missing"
"691",691,1,"1","male",31,1,0,57,"S","Mr.","1","B","missing"
"692",692,1,"3","female",4,0,1,13.4167,"C","Miss.","0","missing","missing"
"693",693,1,"3","male",29.6991176470588,0,0,56.4958,"S","Mr.","0","missing","missing"
"694",694,0,"3","male",25,0,0,7.225,"C","Mr.","0","missing","missing"
"695",695,0,"1","male",60,0,0,26.55,"S","Other","0","missing","missing"
"696",696,0,"2","male",52,0,0,13.5,"S","Mr.","0","missing","missing"
"697",697,0,"3","male",44,0,0,8.05,"S","Mr.","0","missing","missing"
"698",698,1,"3","female",29.6991176470588,0,0,7.7333,"Q","Miss.","0","missing","missing"
"699",699,0,"1","male",49,1,1,110.8833,"C","Mr.","1","C","missing"
"700",700,0,"3","male",42,0,0,7.65,"S","Mr.","0","F","missing"
"701",701,1,"1","female",18,1,0,227.525,"C","Mrs.","0","C","pc"
"702",702,1,"1","male",35,0,0,26.2875,"S","Mr.","0","E","pc"
"703",703,0,"3","female",18,0,1,14.4542,"C","Miss.","0","missing","missing"
"704",704,0,"3","male",25,0,0,7.7417,"Q","Mr.","0","missing","missing"
"705",705,0,"3","male",26,1,0,7.8542,"S","Mr.","0","missing","missing"
"706",706,0,"2","male",39,0,0,26,"S","Mr.","0","missing","missing"
"707",707,1,"2","female",45,0,0,13.5,"S","Mrs.","0","missing","missing"
"708",708,1,"1","male",42,0,0,26.2875,"S","Mr.","0","E","pc"
"709",709,1,"1","female",22,0,0,151.55,"S","Miss.","0","missing","missing"
"710",710,1,"3","male",29.6991176470588,1,1,15.2458,"C","Master.","0","missing","missing"
"711",711,1,"1","female",24,0,0,49.5042,"C","Mrs.","0","C","pc"
"712",712,0,"1","male",29.6991176470588,0,0,26.55,"S","Mr.","0","C","missing"
"713",713,1,"1","male",48,1,0,52,"S","Mr.","1","C","missing"
"714",714,0,"3","male",29,0,0,9.4833,"S","Mr.","0","missing","missing"
"715",715,0,"2","male",52,0,0,13,"S","Mr.","0","missing","missing"
"716",716,0,"3","male",19,0,0,7.65,"S","Mr.","0","F","missing"
"717",717,1,"1","female",38,0,0,227.525,"C","Miss.","0","C","pc"
"718",718,1,"2","female",27,0,0,10.5,"S","Miss.","0","E","missing"
"719",719,0,"3","male",29.6991176470588,0,0,15.5,"Q","Mr.","0","missing","missing"
"720",720,0,"3","male",33,0,0,7.775,"S","Mr.","0","missing","missing"
"721",721,1,"2","female",6,0,1,33,"S","Miss.","0","missing","missing"
"722",722,0,"3","male",17,1,0,7.0542,"S","Mr.","0","missing","missing"
"723",723,0,"2","male",34,0,0,13,"S","Mr.","0","missing","missing"
"724",724,0,"2","male",50,0,0,13,"S","Mr.","0","missing","missing"
"725",725,1,"1","male",27,1,0,53.1,"S","Mr.","1","E","missing"
"726",726,0,"3","male",20,0,0,8.6625,"S","Mr.","0","missing","missing"
"727",727,1,"2","female",30,3,0,21,"S","Mrs.","1","missing","missing"
"728",728,1,"3","female",29.6991176470588,0,0,7.7375,"Q","Miss.","0","missing","missing"
"729",729,0,"2","male",25,1,0,26,"S","Mr.","0","missing","missing"
"730",730,0,"3","female",25,1,0,7.925,"S","Miss.","0","missing","ston"
"731",731,1,"1","female",29,0,0,211.3375,"S","Miss.","0","B","missing"
"732",732,0,"3","male",11,0,0,18.7875,"C","Mr.","0","missing","missing"
"733",733,0,"2","male",29.6991176470588,0,0,0,"S","Mr.","0","missing","missing"
"734",734,0,"2","male",23,0,0,13,"S","Mr.","0","missing","missing"
"735",735,0,"2","male",23,0,0,13,"S","Mr.","0","missing","missing"
"736",736,0,"3","male",28.5,0,0,16.1,"S","Mr.","0","missing","missing"
"737",737,0,"3","female",48,1,3,34.375,"S","Mrs.","0","missing","wc"
"738",738,1,"1","male",35,0,0,512.3292,"C","Mr.","0","B","pc"
"739",739,0,"3","male",29.6991176470588,0,0,7.8958,"S","Mr.","0","missing","missing"
"740",740,0,"3","male",29.6991176470588,0,0,7.8958,"S","Mr.","0","missing","missing"
"741",741,1,"1","male",29.6991176470588,0,0,30,"S","Mr.","0","D","missing"
"742",742,0,"1","male",36,1,0,78.85,"S","Mr.","0","C","missing"
"743",743,1,"1","female",21,2,2,262.375,"C","Miss.","0","B","pc"
"744",744,0,"3","male",24,1,0,16.1,"S","Mr.","0","missing","missing"
"745",745,1,"3","male",31,0,0,7.925,"S","Mr.","0","missing","ston"
"746",746,0,"1","male",70,1,1,71,"S","Other","0","B","wep"
"747",747,0,"3","male",16,1,1,20.25,"S","Mr.","0","missing","ca"
"748",748,1,"2","female",30,0,0,13,"S","Miss.","0","missing","missing"
"749",749,0,"1","male",19,1,0,53.1,"S","Mr.","0","D","missing"
"750",750,0,"3","male",31,0,0,7.75,"Q","Mr.","0","missing","missing"
"751",751,1,"2","female",4,1,1,23,"S","Miss.","0","missing","missing"
"752",752,1,"3","male",6,0,1,12.475,"S","Master.","0","E","missing"
"753",753,0,"3","male",33,0,0,9.5,"S","Mr.","0","missing","missing"
"754",754,0,"3","male",23,0,0,7.8958,"S","Mr.","0","missing","missing"
"755",755,1,"2","female",48,1,2,65,"S","Mrs.","0","missing","missing"
"756",756,1,"2","male",0.67,1,1,14.5,"S","Master.","0","missing","missing"
"757",757,0,"3","male",28,0,0,7.7958,"S","Mr.","0","missing","missing"
"758",758,0,"2","male",18,0,0,11.5,"S","Mr.","0","missing","missing"
"759",759,0,"3","male",34,0,0,8.05,"S","Mr.","0","missing","missing"
"760",760,1,"1","female",33,0,0,86.5,"S","Other","0","B","missing"
"761",761,0,"3","male",29.6991176470588,0,0,14.5,"S","Mr.","0","missing","missing"
"762",762,0,"3","male",41,0,0,7.125,"S","Mr.","0","missing","soto"
"763",763,1,"3","male",20,0,0,7.2292,"C","Mr.","0","missing","missing"
"764",764,1,"1","female",36,1,2,120,"S","Mrs.","1","B","missing"
"765",765,0,"3","male",16,0,0,7.775,"S","Mr.","0","missing","missing"
"766",766,1,"1","female",51,1,0,77.9583,"S","Mrs.","0","D","missing"
"767",767,0,"1","male",29.6991176470588,0,0,39.6,"C","Dr.","0","missing","missing"
"768",768,0,"3","female",30.5,0,0,7.75,"Q","Miss.","0","missing","missing"
"769",769,0,"3","male",29.6991176470588,1,0,24.15,"Q","Mr.","0","missing","missing"
"770",770,0,"3","male",32,0,0,8.3625,"S","Mr.","0","missing","missing"
"771",771,0,"3","male",24,0,0,9.5,"S","Mr.","0","missing","missing"
"772",772,0,"3","male",48,0,0,7.8542,"S","Mr.","0","missing","missing"
"773",773,0,"2","female",57,0,0,10.5,"S","Mrs.","0","E","sopp"
"774",774,0,"3","male",29.6991176470588,0,0,7.225,"C","Mr.","0","missing","missing"
"775",775,1,"2","female",54,1,3,23,"S","Mrs.","0","missing","missing"
"776",776,0,"3","male",18,0,0,7.75,"S","Mr.","0","missing","missing"
"777",777,0,"3","male",29.6991176470588,0,0,7.75,"Q","Mr.","0","F","missing"
"778",778,1,"3","female",5,0,0,12.475,"S","Miss.","0","missing","missing"
"779",779,0,"3","male",29.6991176470588,0,0,7.7375,"Q","Mr.","0","missing","missing"
"780",780,1,"1","female",43,0,1,211.3375,"S","Mrs.","0","B","missing"
"781",781,1,"3","female",13,0,0,7.2292,"C","Miss.","0","missing","missing"
"782",782,1,"1","female",17,1,0,57,"S","Mrs.","1","B","missing"
"783",783,0,"1","male",29,0,0,30,"S","Mr.","0","D","missing"
"784",784,0,"3","male",29.6991176470588,1,2,23.45,"S","Mr.","0","missing","wc"
"785",785,0,"3","male",25,0,0,7.05,"S","Mr.","0","missing","soto"
"786",786,0,"3","male",25,0,0,7.25,"S","Mr.","0","missing","missing"
"787",787,1,"3","female",18,0,0,7.4958,"S","Miss.","0","missing","missing"
"788",788,0,"3","male",8,4,1,29.125,"Q","Master.","0","missing","missing"
"789",789,1,"3","male",1,1,2,20.575,"S","Master.","0","missing","ca"
"790",790,0,"1","male",46,0,0,79.2,"C","Mr.","0","B","pc"
"791",791,0,"3","male",29.6991176470588,0,0,7.75,"Q","Mr.","0","missing","missing"
"792",792,0,"2","male",16,0,0,26,"S","Mr.","0","missing","missing"
"793",793,0,"3","female",29.6991176470588,8,2,69.55,"S","Miss.","0","missing","ca"
"794",794,0,"1","male",29.6991176470588,0,0,30.6958,"C","Mr.","0","missing","pc"
"795",795,0,"3","male",25,0,0,7.8958,"S","Mr.","0","missing","missing"
"796",796,0,"2","male",39,0,0,13,"S","Mr.","0","missing","missing"
"797",797,1,"1","female",49,0,0,25.9292,"S","Dr.","0","D","missing"
"798",798,1,"3","female",31,0,0,8.6833,"S","Mrs.","0","missing","missing"
"799",799,0,"3","male",30,0,0,7.2292,"C","Mr.","0","missing","missing"
"800",800,0,"3","female",30,1,1,24.15,"S","Mrs.","1","missing","missing"
"801",801,0,"2","male",34,0,0,13,"S","Mr.","0","missing","missing"
"802",802,1,"2","female",31,1,1,26.25,"S","Mrs.","1","missing","ca"
"803",803,1,"1","male",11,1,2,120,"S","Master.","0","B","missing"
"804",804,1,"3","male",0.42,0,1,8.5167,"C","Master.","0","missing","missing"
"805",805,1,"3","male",27,0,0,6.975,"S","Mr.","0","missing","missing"
"806",806,0,"3","male",31,0,0,7.775,"S","Mr.","0","missing","missing"
"807",807,0,"1","male",39,0,0,0,"S","Mr.","0","A","missing"
"808",808,0,"3","female",18,0,0,7.775,"S","Miss.","0","missing","missing"
"809",809,0,"2","male",39,0,0,13,"S","Mr.","0","missing","missing"
"810",810,1,"1","female",33,1,0,53.1,"S","Mrs.","1","E","missing"
"811",811,0,"3","male",26,0,0,7.8875,"S","Mr.","0","missing","missing"
"812",812,0,"3","male",39,0,0,24.15,"S","Mr.","0","missing","a"
"813",813,0,"2","male",35,0,0,10.5,"S","Mr.","0","missing","missing"
"814",814,0,"3","female",6,4,2,31.275,"S","Miss.","0","missing","missing"
"815",815,0,"3","male",30.5,0,0,8.05,"S","Mr.","0","missing","missing"
"816",816,0,"1","male",29.6991176470588,0,0,0,"S","Mr.","0","B","missing"
"817",817,0,"3","female",23,0,0,7.925,"S","Miss.","0","missing","ston"
"818",818,0,"2","male",31,1,1,37.0042,"C","Mr.","0","missing","scpa"
"819",819,0,"3","male",43,0,0,6.45,"S","Mr.","0","missing","c"
"820",820,0,"3","male",10,3,2,27.9,"S","Master.","0","missing","missing"
"821",821,1,"1","female",52,1,1,93.5,"S","Mrs.","0","B","missing"
"822",822,1,"3","male",27,0,0,8.6625,"S","Mr.","0","missing","missing"
"823",823,0,"1","male",38,0,0,0,"S","Other","0","missing","missing"
"824",824,1,"3","female",27,0,1,12.475,"S","Mrs.","0","E","missing"
"825",825,0,"3","male",2,4,1,39.6875,"S","Master.","0","missing","missing"
"826",826,0,"3","male",29.6991176470588,0,0,6.95,"Q","Mr.","0","missing","missing"
"827",827,0,"3","male",29.6991176470588,0,0,56.4958,"S","Mr.","0","missing","missing"
"828",828,1,"2","male",1,0,2,37.0042,"C","Master.","0","missing","scpa"
"829",829,1,"3","male",29.6991176470588,0,0,7.75,"Q","Mr.","0","missing","missing"
"830",830,1,"1","female",62,0,0,80,"missing","Mrs.","0","B","missing"
"831",831,1,"3","female",15,1,0,14.4542,"C","Mrs.","1","missing","missing"
"832",832,1,"2","male",0.83,1,1,18.75,"S","Master.","0","missing","missing"
"833",833,0,"3","male",29.6991176470588,0,0,7.2292,"C","Mr.","0","missing","missing"
"834",834,0,"3","male",23,0,0,7.8542,"S","Mr.","0","missing","missing"
"835",835,0,"3","male",18,0,0,8.3,"S","Mr.","0","missing","missing"
"836",836,1,"1","female",39,1,1,83.1583,"C","Miss.","0","E","pc"
"837",837,0,"3","male",21,0,0,8.6625,"S","Mr.","0","missing","missing"
"838",838,0,"3","male",29.6991176470588,0,0,8.05,"S","Mr.","0","missing","missing"
"839",839,1,"3","male",32,0,0,56.4958,"S","Mr.","0","missing","missing"
"840",840,1,"1","male",29.6991176470588,0,0,29.7,"C","Mr.","0","C","missing"
"841",841,0,"3","male",20,0,0,7.925,"S","Mr.","0","missing","soto"
"842",842,0,"2","male",16,0,0,10.5,"S","Mr.","0","missing","sopp"
"843",843,1,"1","female",30,0,0,31,"C","Miss.","0","missing","missing"
"844",844,0,"3","male",34.5,0,0,6.4375,"C","Mr.","0","missing","missing"
"845",845,0,"3","male",17,0,0,8.6625,"S","Mr.","0","missing","missing"
"846",846,0,"3","male",42,0,0,7.55,"S","Mr.","0","missing","ca"
"847",847,0,"3","male",29.6991176470588,8,2,69.55,"S","Mr.","0","missing","ca"
"848",848,0,"3","male",35,0,0,7.8958,"C","Mr.","0","missing","missing"
"849",849,0,"2","male",28,0,1,33,"S","Rev.","0","missing","missing"
"850",850,1,"1","female",29.6991176470588,1,0,89.1042,"C","Mrs.","1","C","missing"
"851",851,0,"3","male",4,4,2,31.275,"S","Master.","0","missing","missing"
"852",852,0,"3","male",74,0,0,7.775,"S","Mr.","0","missing","missing"
"853",853,0,"3","female",9,1,1,15.2458,"C","Miss.","0","missing","missing"
"854",854,1,"1","female",16,0,1,39.4,"S","Miss.","0","D","pc"
"855",855,0,"2","female",44,1,0,26,"S","Mrs.","0","missing","missing"
"856",856,1,"3","female",18,0,1,9.35,"S","Mrs.","0","missing","missing"
"857",857,1,"1","female",45,1,1,164.8667,"S","Mrs.","0","missing","missing"
"858",858,1,"1","male",51,0,0,26.55,"S","Mr.","0","E","missing"
"859",859,1,"3","female",24,0,3,19.2583,"C","Mrs.","0","missing","missing"
"860",860,0,"3","male",29.6991176470588,0,0,7.2292,"C","Mr.","0","missing","missing"
"861",861,0,"3","male",41,2,0,14.1083,"S","Mr.","0","missing","missing"
"862",862,0,"2","male",21,1,0,11.5,"S","Mr.","0","missing","missing"
"863",863,1,"1","female",48,0,0,25.9292,"S","Mrs.","0","D","missing"
"864",864,0,"3","female",29.6991176470588,8,2,69.55,"S","Miss.","0","missing","ca"
"865",865,0,"2","male",24,0,0,13,"S","Mr.","0","missing","missing"
"866",866,1,"2","female",42,0,0,13,"S","Mrs.","0","missing","missing"
"867",867,1,"2","female",27,1,0,13.8583,"C","Miss.","0","missing","scpa"
"868",868,0,"1","male",31,0,0,50.4958,"S","Mr.","0","A","pc"
"869",869,0,"3","male",29.6991176470588,0,0,9.5,"S","Mr.","0","missing","missing"
"870",870,1,"3","male",4,1,1,11.1333,"S","Master.","0","missing","missing"
"871",871,0,"3","male",26,0,0,7.8958,"S","Mr.","0","missing","missing"
"872",872,1,"1","female",47,1,1,52.5542,"S","Mrs.","1","D","missing"
"873",873,0,"1","male",33,0,0,5,"S","Mr.","0","B","missing"
"874",874,0,"3","male",47,0,0,9,"S","Mr.","0","missing","missing"
"875",875,1,"2","female",28,1,0,24,"C","Mrs.","1","missing","ppp"
"876",876,1,"3","female",15,0,0,7.225,"C","Miss.","0","missing","missing"
"877",877,0,"3","male",20,0,0,9.8458,"S","Mr.","0","missing","missing"
"878",878,0,"3","male",19,0,0,7.8958,"S","Mr.","0","missing","missing"
"879",879,0,"3","male",29.6991176470588,0,0,7.8958,"S","Mr.","0","missing","missing"
"880",880,1,"1","female",56,0,1,83.1583,"C","Mrs.","0","C","missing"
"881",881,1,"2","female",25,0,1,26,"S","Mrs.","0","missing","missing"
"882",882,0,"3","male",33,0,0,7.8958,"S","Mr.","0","missing","missing"
"883",883,0,"3","female",22,0,0,10.5167,"S","Miss.","0","missing","missing"
"884",884,0,"2","male",28,0,0,10.5,"S","Mr.","0","missing","caso"
"885",885,0,"3","male",25,0,0,7.05,"S","Mr.","0","missing","soto"
"886",886,0,"3","female",39,0,5,29.125,"Q","Mrs.","0","missing","missing"
"887",887,0,"2","male",27,0,0,13,"S","Rev.","0","missing","missing"
"888",888,1,"1","female",19,0,0,30,"S","Miss.","0","B","missing"
"889",889,0,"3","female",29.6991176470588,1,2,23.45,"S","Miss.","0","missing","wc"
"890",890,1,"1","male",26,0,0,30,"C","Mr.","0","C","missing"
"891",891,0,"3","male",32,0,0,7.75,"Q","Mr.","0","missing","missing"
